Patient,Nucleotide change,Prenatal findings,Prenatal findings isolated/associated,IUGR,Cerebral prenatal findings,Congenital microcephaly,Neonatal findings,Neonatal hypotonia,Clubfoot,Neonatal feeding problems,Microcephaly,Short stature,Sitting not achieved,Walking not achieved or delayed,Current language ability,Developmental delay,Estimated level of ID,Autism spectrum disorder,Stereotypies,Epilepsy,Febrile seizures,Status epilepticus,Drug-resistance (epilepsy),Movement disorder,Ataxia,Nystagmus,MRI abnormalities,Enlarged ventricles,Corpus callosum abnormality,Cardiac abnormalities,Renal/genitourinary abnormalities,Bone/skeletal anomalies,Fracture/osteopenia,Eyes/vision abnormalities,Strabismus,Hearing loss,Teeth/dental anomalies,Skin abnormalities,Dysmorphic features,"Feeding issues, gastro-intestinal reflux",Failure to thrive (growh retardation),Constipation,Joint hyperlaxity,Acrocyanosis,Blood count abnormality,Classification,Location
1,n.62T>C,1,0,1,,0,0,0,0,0,0,0,,0,0.333,0.2,0.4,0,,0,,,,0,0,0,,,,,0,0,,0,0,0,0,0,0,0,0,0,0,0,0,LP,stem I
2,n.63T>C,0,,0,0,0,0,0,0,0,0,0,,0.5,0.667,0.4,0.4,0,0,0,,,,0,0,0,1,,1,0,0,0,,0,0,1,1,0,1,1,0,0,0,0,,LP,quasi-pseudoknot
3,n.64_65insT,1,1,1,1,1,1,0,1,0,1,1,0,,,0.4,,0,,0,,,,,1,1,1,,1,0,0,0,,,,0,,0,,1,0,1,,,0,P,quasi-pseudoknot
4,n.64_65insT,1,0,1,0,1,1,1,0,0,1,0,,,,0.4,,,,0,,,,0,0,0,,,,0,0,,,0,0,0,,0,1,0,0,,,,,P,quasi-pseudoknot
5,n.64_65insT,0,,0,0,0,1,1,0,1,1,0,0,,,0.6,,,,0,,,,,0,0,1,,1,0,0,0,,0,0,0,0,0,0,1,1,0,1,0,,P,quasi-pseudoknot
6,n.64_65insT,1,0,0,1,0,0,0,0,0,1,1,0,,,0.4,,,1,1,0,0,,0,0,0,1,,1,,,0,,1,,0,0,1,0,1,1,1,1,1,0,P,quasi-pseudoknot
7,n.64_65insT,1,1,0,1,0,1,0,1,1,0,1,0,,,0.4,,,1,0,,,,0,,0,1,1,,1,0,0,,1,1,0,,0,1,1,0,0,0,0,,P,quasi-pseudoknot
8,n.64_65insT,0,,0,0,0,1,1,1,1,1,1,,,,0.6,,0,1,0,,,,0,0,0,,,,1,,,,0,0,0,0,0,1,1,1,1,0,,0,P,quasi-pseudoknot
9,n.64_65insT,1,0,1,0,1,1,1,0,0,1,0,0,,,0.4,,1,1,0.5,0,0,0,0,0,1,1,1,,0,0,0,,1,1,,1,0,1,0,0,0,1,0,0,P,quasi-pseudoknot
10,n.64_65insT,,,0,,0,1,1,0,1,1,1,0,,,0.6,,,1,0,,,,0,,0,1,1,1,,,,,0,0,1,,0,1,1,1,1,1,0,0,P,quasi-pseudoknot
11,n.64_65insT,1,1,0,1,0,1,1,0,1,0,0,,,,0.4,,,,0,,,,0,0,1,1,1,,0,1,0,,0,0,0,0,0,1,1,1,1,0,0,1,P,quasi-pseudoknot
12,n.64_65insT,0,,0,0,0,1,1,0,1,1,0,0,,,0.6,0.6,0,,1,1,0,0,0,0,0,1,1,1,1,0,0,,1,,0,0,0,1,1,0,0,0,0,0,P,quasi-pseudoknot
13,n.64_65insT,1,0,1,0,1,1,0,0,1,1,1,0,,,0.6,0.6,,1,0,,,,0,0,0,1,,1,0,0,0,,0,0,0,,0,,1,1,0,0,0,1,P,quasi-pseudoknot
14,n.64_65insT,1,1,0,1,1,1,1,0,0,1,0,0,,,0.6,,,,0,,,,,,1,1,,1,0,0,0,,1,1,0,0,0,1,0,0,0,0,0,,P,quasi-pseudoknot
15,n.64_65insT,1,1,0,1,1,0,0,0,0,1,0,0,,,0.4,,,0,0,,,,0,0,0,1,1,1,,1,0,,1,,,,0,1,1,1,1,0,0,0,P,quasi-pseudoknot
16,n.64_65insT,0,,,,0,1,1,0,1,0,0,0,,,0.4,,0,,0,,,,,0,0,1,1,1,0,0,0,0,0,0,0,1,0,1,1,1,1,1,0,0,P,quasi-pseudoknot
17,n.64_65insT,,,,,0,1,1,0,0,0,1,,,,0.6,,,,0,,,,,,0,1,1,1,,1,,,,,0,,0,1,0,0,1,0,,1,P,quasi-pseudoknot
18,n.64_65insT,,,0,,0,1,1,0,1,0,0,0,0.5,1,0.6,,0,0,1,0,0,0,0,1,0,1,,,0,0,0,,0,0,0,0,0,0,1,0,1,0,0,0,P,quasi-pseudoknot
19,n.64_65insT,1,1,1,1,0,1,1,0,1,1,1,0,1,1,0.6,0.6,0,0,1,1,1,1,0,0,0,1,1,1,1,1,0,,1,1,0,0,0,1,1,1,1,0,0,0,P,quasi-pseudoknot
20,n.64_65insT,,,0,,0,1,1,0,1,1,1,0,0.5,1,0.6,0.6,1,1,0,,,,0,0,0,0,0,0,,0,0,,0,0,0,0,0,1,0,0,0,0,0,,P,quasi-pseudoknot
21,n.64_65insT,1,0,0,0,0,1,1,0,0,1,0,0,,,0.6,0.6,0,0,0,,,,0,0,0,1,1,1,1,0,0,,1,,1,0,0,1,1,1,1,0,0,0,P,quasi-pseudoknot
22,n.64_65insT,,,0,,1,1,1,0,0,1,0,0,0.5,0.667,0.4,,0,,0.5,1,,,,0,0,1,,1,0,0,0,,0,0,0,0,0,0,1,0,0,0,0,,P,quasi-pseudoknot
23,n.64_65insT,1,0,0,0,0,1,0,0,1,1,0,0,0.5,1,0.4,,,1,1,1,0,0,0,1,1,1,,1,0,1,0,,1,,0,,,1,1,1,1,,,,P,quasi-pseudoknot
24,n.64_65insT,0,,0,0,0,1,1,0,0,0,0,0,0.5,,,,,1,,,,,,,,1,1,,0,0,1,1,0,0,0,,1,1,,,,,,,P,quasi-pseudoknot
25,n.64_65insT,1,0,0,1,0,0,0,0,0,1,1,0,0.5,0.333,0.4,,1,1,0,,,,0,0,0,1,1,1,0,0,0,,0,0,0,0,0,1,,1,0,0,0,0,P,quasi-pseudoknot
26,n.64_65insT,1,0,0,1,1,1,1,0,0,1,1,0,0.5,0.667,0.4,0.4,1,1,0.5,1,0,0,0,1,0,1,1,,0,1,0,,1,,,1,0,1,1,1,1,1,0,0,P,quasi-pseudoknot
27,n.64_65insT,0,,0,0,0,1,0,0,1,1,1,0,0.5,0.667,0.6,0.6,,,0,,,,,,,1,1,1,0,,1,,,,0,,,1,1,1,1,,,1,P,quasi-pseudoknot
28,n.64_65insT,0,,0,0,0,1,0,0,1,1,0,0,1,1,0.6,0.6,1,1,0,,,,0,0,0,1,1,,0,0,0,,1,1,0,,1,1,1,1,,1,,0,P,quasi-pseudoknot
29,n.64_65insT,1,0,0,1,,1,1,0,1,1,1,0,1,1,0.6,0.6,0,0,1,0,0,1,0,0,0,1,1,,0,0,1,1,0,0,0,0,0,1,1,1,0,0,0,0,P,quasi-pseudoknot
30,n.64_65insT,1,1,1,1,1,1,1,0,1,1,1,0,,,0.6,0.6,,,1,,,,,,1,1,1,1,1,0,0,,1,,,,,,,,,,,,P,quasi-pseudoknot
31,n.64_65insT,1,1,1,1,0,1,1,0,1,1,0,0,0.5,1,0.6,0.6,0,,1,0,0,,,0,0,1,0,0,0,0,1,0,0,0,0,0,0,1,1,0,0,0,0,1,P,quasi-pseudoknot
32,n.64_65insT,1,0,1,,0,1,1,0,1,1,1,0,,0.667,0.6,,,,0,,,,0,0,1,1,,1,0,0,1,,1,1,0,0,0,1,1,1,1,1,0,0,P,quasi-pseudoknot
33,n.64_65insT,0,,0,,1,1,1,0,1,1,1,0,0.5,1,,,,,0,,,,0,0,0,1,,1,0,0,0,0,0,0,0,0,0,1,0,0,0,,,,P,quasi-pseudoknot
34,n.64_65insT,0,,,,0,1,1,0,1,1,0,0,0.5,1,0.6,0.6,1,1,1,0,,0,0,,,1,1,1,0,0,0,0,1,,0,0,0,1,1,0,0,1,0,,P,quasi-pseudoknot
35,n.64_65insT,1,0,0,0,0,1,1,1,1,1,1,0,1,1,0.6,0.6,1,1,1,1,0,0,0,0,1,1,1,,0,0,1,,1,,0,0,1,1,1,1,1,1,1,,P,quasi-pseudoknot
36,n.64_65insT,1,0,1,0,1,1,1,0,0,1,1,0,1,0.667,0.6,0.6,1,1,1,0,0,0,0,1,1,1,1,,0,0,0,,1,1,0,0,0,1,0,1,1,1,1,0,P,quasi-pseudoknot
37,n.64_65insT,1,1,1,0,0,1,0,1,0,1,1,0,0.5,0.667,0.4,,0,0,0,,,,0,0,0,1,,1,0,0,0,,1,1,1,0,1,0,0,0,1,0,0,0,P,quasi-pseudoknot
38,n.64_65insT,1,0,1,0,1,1,0,1,0,1,1,,0.5,1,0.6,0.6,1,1,0,,,,0,1,1,0,0,0,0,0,1,1,1,1,0,1,0,1,1,1,0,0,0,0,P,quasi-pseudoknot
39,n.64_65insT,0,,0,0,0,0,0,0,0,0,0,0,0,1,0.2,0.4,1,1,0.5,1,1,0,0,0,0,1,1,,0,0,1,1,0,0,0,0,0,1,0,0,0,0,0,0,P,quasi-pseudoknot
40,n.64_65insT,1,0,0,0,0,1,0,0,1,0,1,0,0.5,1,0.4,0.4,1,1,0,,,,0,,0,1,1,1,,,0,,,,,,,1,1,1,1,,,,P,quasi-pseudoknot
41,n.64_65insT,0,,0,0,0,1,0,0,0,1,0,0,0,0.667,0.6,0.6,1,1,0,,,,0,0,0,1,,,0,0,0,,0,0,0,0,0,0,1,1,1,0,0,0,P,quasi-pseudoknot
42,n.64_65insT,1,1,0,1,,1,1,1,0,0,0,0,0.5,1,0.6,0.6,1,,1,0,0,0,0,0,1,1,1,1,0,0,0,,0,0,0,1,0,1,0,0,0,0,0,0,P,quasi-pseudoknot
43,n.64_65insT,1,1,1,1,0,1,1,0,1,1,1,0,1,1,0.6,0.6,0,1,1,0,1,0,0,0,0,1,1,1,1,,1,1,1,,0,,,1,1,1,1,1,0,0,P,quasi-pseudoknot
44,n.64_65insT,0,,0,0,0,1,1,0,1,0,0,0,0.5,1,0.6,0.6,0,,1,1,0,0,0,0,1,1,,,0,0,0,,1,1,0,0,0,1,1,0,0,1,,,P,quasi-pseudoknot
45,n.64_65insT,1,0,0,0,0,1,0,0,0,1,0,0,0.5,1,0.6,0.6,,,0,,,,,,,0,0,0,0,1,1,,1,,0,,,1,,0,,,,,P,quasi-pseudoknot
46,n.64_65insT,0,,0,0,,1,0,0,1,0,0,0,1,1,0.6,0.6,,,0.5,1,,,,,,1,1,,0,1,1,,1,,0,,,1,1,,1,,,1,P,quasi-pseudoknot
47,n.64_65insT,1,0,1,0,0,1,1,0,0,0,1,0,0.5,1,0.6,0.6,1,1,1,1,1,0,0,0,1,1,,1,0,0,1,,1,,0,0,0,1,1,1,1,1,0,0,P,quasi-pseudoknot
48,n.64_65insT,1,1,1,1,0,1,1,0,1,0,0,0,0.5,0.667,0.6,0.6,0,1,1,1,0,0,0,1,0,1,1,1,0,0,0,,1,,0,1,0,1,1,0,0,0,0,0,P,quasi-pseudoknot
49,n.64_65insT,0,,0,0,,0,0,0,0,0,0,,0,0.333,0.4,0.4,0,0,1,0,,0,0,0,0,1,,,0,0,0,,0,0,0,0,0,,0,0,0,0,0,0,P,quasi-pseudoknot
50,n.64_65insT,0,,,0,0,1,1,0,0,1,1,0,0.5,1,0.4,0.4,,,1,,,,0,0,,1,1,1,1,,1,1,0,0,,,,1,0,1,1,,1,,P,quasi-pseudoknot
51,n.64_65insT,1,0,1,0,0,1,,0,1,1,1,,0.5,1,0.6,0.6,1,1,0.5,1,0,0,1,1,1,1,,,1,0,0,,0,0,0,,0,1,1,1,,1,0,1,P,quasi-pseudoknot
52,n.64_65insT,1,1,1,0,1,1,1,0,0,1,0,0,0.5,0.667,0.4,,0,,0,,,,,0,1,0,0,0,0,,,,0,,0,0,0,1,1,,1,0,0,,P,quasi-pseudoknot
53,n.64_65insT,1,0,0,1,1,1,1,0,1,1,1,0,1,1,0.6,0.6,,,1,0,1,1,,,1,1,1,1,1,0,0,,1,,0,0,1,1,1,,0,1,0,,P,quasi-pseudoknot
54,n.64_65insT,1,0,1,,1,1,1,0,1,1,1,0,1,1,0.6,0.6,1,1,0,,,,0,0,0,1,0,1,,,0,0,1,1,0,1,1,1,,1,1,1,,,P,quasi-pseudoknot
55,n.64_65insT,1,0,1,0,0,1,0,0,0,1,0,0,0.5,0.667,0.6,0.6,,,1,1,1,,0,,0,0,,,0,,,,1,1,,,,,,,,,,,P,quasi-pseudoknot
56,n.64_65insT,0,,,,0,1,1,0,1,1,1,0,0.5,0.667,0.4,0.4,0,,0,,,,0,0,1,1,,1,0,0,1,1,1,,0,1,0,1,1,1,0,,0,0,P,quasi-pseudoknot
57,n.64_65insT,0,,0,0,0,1,1,0,0,1,1,0,0.5,1,0.6,0.6,1,1,0,,,,0,1,0,1,1,,0,0,1,,0,0,0,0,0,1,1,0,0,0,0,0,P,quasi-pseudoknot
58,n.64_65insT,0,,0,0,0,1,1,0,1,1,0,0,0.5,1,0.6,0.6,1,1,0,,,,1,0,0,1,1,1,0,0,1,1,0,0,0,0,0,1,1,0,1,0,1,1,P,quasi-pseudoknot
59,n.64_65insT,1,0,0,1,1,1,1,0,1,1,1,,0.5,1,0.6,0.6,0,0,1,1,0,0,1,0,1,1,,1,,0,0,,1,,0,1,0,1,1,0,0,0,0,0,P,quasi-pseudoknot
60,n.64_65insT,1,0,1,,0,1,1,0,1,1,0,0,0.5,0.667,0.6,0.4,0,0,1,1,0,0,0,0,0,1,,1,0,0,0,,1,1,0,0,0,1,0,0,0,1,0,0,P,quasi-pseudoknot
61,n.64_65insT,0,,0,0,0,1,1,0,0,0,0,,0.5,1,0.6,,0,0,0,,,,0,0,0,1,1,1,0,0,0,,1,1,0,0,,1,0,0,0,1,0,0,P,quasi-pseudoknot
62,n.64_65insT,,,0,,0,1,1,0,1,1,0,0,0.5,1,0.6,0.6,,1,1,0,1,0,0,0,1,1,,1,0,1,,,1,1,0,1,1,1,1,0,1,0,0,0,P,quasi-pseudoknot
63,n.64_65insT,1,0,1,,0,1,1,0,0,1,1,0,0.5,1,0.2,0.2,1,1,1,1,1,0,0,0,0,1,1,1,0,0,0,,0,0,0,0,0,1,0,1,0,1,0,,P,quasi-pseudoknot
64,n.64_65insT,1,0,0,0,0,1,1,0,1,1,1,0,0.5,0.667,0.6,0.6,1,1,1,0,0,0,0,1,1,1,1,1,0,0,0,,1,1,0,1,1,1,1,1,1,0,1,,P,quasi-pseudoknot
65,n.64_65insT,0,,0,0,0,0,0,0,0,1,1,0,,1,0.6,0.6,0,1,1,1,0,,0,0,0,1,,1,0,0,0,,0,0,0,0,0,1,1,1,0,0,0,0,P,quasi-pseudoknot
66,n.64_65insT,1,0,1,0,0,1,0,0,1,1,0,,0.5,1,0.6,0.6,1,1,1,0,0,0,0,0,1,1,,1,1,0,,,1,1,0,,,1,1,1,0,0,0,0,P,quasi-pseudoknot
67,n.64_65insT,,,0,,0,1,1,0,1,0,0,0,0.5,1,0.6,0.6,1,1,1,1,0,0,0,0,0,1,,,0,0,1,,1,1,0,0,1,1,0,0,1,1,0,0,P,quasi-pseudoknot
68,n.64_65insT,1,0,0,1,,1,0,0,1,0,1,0,0.5,0.667,0.6,0.6,1,1,1,1,1,0,0,0,1,1,1,,0,1,0,,0,0,0,0,0,1,0,0,0,0,0,0,P,quasi-pseudoknot
69,n.64_65insT,1,0,0,1,,1,1,0,0,0,1,0,0.5,1,0.6,0.6,1,1,0,,,,0,0,0,1,1,,0,0,0,,1,,0,0,1,0,1,0,1,1,0,0,P,quasi-pseudoknot
70,n.64_65insT,0,,0,0,0,1,1,0,1,0,0,0,0.5,0.333,0.4,0.4,1,1,1,1,1,1,0,1,0,1,,,1,0,1,,1,1,0,,1,1,1,1,0,0,1,0,P,quasi-pseudoknot
71,n.64_65insT,0,,0,0,0,1,1,0,1,1,0,,0,0.667,0.4,0.4,,1,0.5,1,,,1,,0,1,1,1,1,,,,0,0,0,,,1,1,1,0,,1,,P,quasi-pseudoknot
72,n.64_65insT,1,0,,1,0,1,1,0,1,1,1,,0.5,1,0.6,0.6,,,1,,,0,,0,0,1,1,1,0,0,0,0,1,0,0,0,0,1,1,0,1,1,0,0,P,quasi-pseudoknot
73,n.64_65insT,1,0,0,,1,1,1,0,0,1,1,,0.5,1,0.6,0.6,0,,1,,,,,,0,1,1,1,0,0,0,0,1,1,1,,,1,0,0,1,1,0,0,P,quasi-pseudoknot
74,n.64_65insT,1,1,1,1,1,1,1,1,1,1,1,0,0.5,1,0.6,0.6,,1,1,1,1,,0,,1,1,1,,,1,1,,1,1,1,0,0,1,1,1,1,1,1,0,P,quasi-pseudoknot
75,n.64_65insT,1,0,1,0,,1,1,0,0,1,1,0,0,0.667,0.6,0.6,1,1,0,,,,0,0,0,1,,,0,0,0,,0,0,0,0,1,,0,0,1,1,1,0,P,quasi-pseudoknot
76,n.64_65insT,1,1,0,1,0,0,0,0,0,0,0,0,0.5,0.667,0.4,0.4,1,1,1,1,0,0,0,0,0,1,1,,0,1,1,1,1,1,0,0,0,1,,0,0,0,0,0,P,quasi-pseudoknot
77,n.64_65insT,0,,0,0,0,1,0,0,1,1,1,0,0.5,0.667,0.4,0.4,1,,1,1,0,0,0,1,1,,,,0,0,0,,1,,1,0,0,1,1,0,0,0,1,1,P,quasi-pseudoknot
78,n.64_65insT,,,0,,0,1,1,0,1,1,1,0,0.5,1,0.6,0.6,,1,1,1,0,0,0,0,1,1,1,1,0,0,0,,1,1,0,0,1,1,1,1,1,1,0,0,P,quasi-pseudoknot
79,n.64_65insT,1,1,1,0,,1,0,0,1,1,1,0,1,1,0.6,0.8,1,1,1,1,0,0,1,0,1,1,,,0,0,0,,1,,0,0,1,1,1,1,1,0,1,0,P,quasi-pseudoknot
80,n.64_65insT,0,,0,0,0,1,1,0,0,1,0,0,0.5,0.667,0.6,0.6,1,1,1,1,0,0,0,0,0,0,0,0,0,0,0,,1,1,,,,1,1,0,1,0,0,1,P,quasi-pseudoknot
81,n.64_65insT,0,,0,0,0,1,0,0,1,0,1,0,0.5,0.667,0.6,0.6,1,1,1,1,0,0,1,1,0,1,1,1,0,1,1,1,1,1,0,0,0,1,0,1,0,1,1,0,P,quasi-pseudoknot
82,n.64_65insT,0,,0,0,0,1,1,0,1,1,1,0,0.5,1,0.6,0.6,1,1,1,1,1,0,0,1,0,1,1,1,0,0,0,,1,,0,0,0,1,,0,0,0,0,0,P,quasi-pseudoknot
83,n.64_65insT,1,0,1,0,1,1,1,0,0,1,1,0,0.5,1,0.6,0.6,,,1,0,,1,0,0,,1,,1,0,0,0,,1,1,0,0,0,,,,,,,,P,quasi-pseudoknot
84,n.64_65insT,1,0,1,0,0,1,1,0,1,1,,0,0.5,1,,,1,1,1,1,1,0,,1,0,1,1,1,,,1,,1,1,,,,1,1,1,1,1,,,P,quasi-pseudoknot
85,n.64_65insT,1,1,1,1,1,0,0,0,0,1,1,0,0.5,0.667,0.6,0.6,0,1,1,1,1,1,0,,0,1,,1,,,0,0,,,0,,,1,1,1,,,,,P,quasi-pseudoknot
86,n.64_65insT,1,0,,1,1,1,1,,,1,1,,,1,0.6,0.6,,,1,,,1,,,1,1,1,1,,,1,1,1,1,,,,1,,,1,,,,P,quasi-pseudoknot
87,n.64_65insT,0,,0,0,,1,1,0,1,1,1,0,0.5,1,0.6,0.6,1,1,1,1,0,0,,0,0,0,0,0,0,0,0,,0,0,0,0,0,0,1,0,1,0,0,1,P,quasi-pseudoknot
88,n.64_65insT,0,,0,0,1,1,0,1,0,1,0,,0,0.667,0.6,0.6,,,0.5,1,,,0,1,0,0,0,0,0,0,1,,,,0,0,0,1,0,0,1,0,1,,P,quasi-pseudoknot
89,n.64_65insT,0,,0,0,,1,1,0,0,1,1,,0,0.667,0.6,0.6,1,1,1,1,0,0,1,0,0,1,1,,0,0,1,1,0,0,0,0,0,1,0,0,1,1,0,0,P,quasi-pseudoknot
90,n.64_65insT,0,,0,0,,1,1,,1,1,1,,0.5,1,0.6,0.6,1,1,1,1,,,,,0,1,,1,,,1,,1,,0,,1,1,1,1,,,0,,P,quasi-pseudoknot
91,n.64_65insT,1,0,0,1,0,0,0,0,0,1,1,0,0.5,0.667,0.4,0.4,,,1,0,,0,0,0,,1,1,1,,1,1,1,1,,0,,,1,1,1,0,,,1,P,quasi-pseudoknot
92,n.64_65insT,,,0,,0,1,1,0,,1,0,0,0.5,1,,0.4,1,,1,1,1,1,1,,1,0,0,0,,,1,1,1,1,,0,0,1,,,,1,,1,P,quasi-pseudoknot
93,n.64_65insT,1,0,1,,0,1,1,0,1,1,1,0,0.5,0.667,0.6,0.4,1,1,0,,,,,1,,1,1,,1,1,1,1,0,,0,,1,1,1,1,1,1,0,,P,quasi-pseudoknot
94,n.64_65insT,0,,0,0,0,1,1,0,1,1,1,0,1,1,0.6,1,0,1,1,0,0,1,0,0,1,1,1,,0,1,1,1,1,,0,0,1,1,1,0,1,0,1,0,P,quasi-pseudoknot
95,n.64_65insT,1,1,0,1,0,1,1,1,1,0,0,0,0.5,0.667,0.6,0.4,1,1,0,,,,0,0,0,1,1,,0,0,1,,1,1,0,0,0,1,1,1,1,0,0,,P,quasi-pseudoknot
96,n.64_65insT,0,,0,0,,1,1,0,1,0,1,0,0.5,1,0.6,0.6,0,0,1,1,1,0,0,0,0,1,1,,0,0,0,,0,0,0,0,1,0,0,1,0,1,0,0,P,quasi-pseudoknot
97,n.64_65insT,1,0,0,0,0,1,1,0,0,1,1,,0.5,1,0.6,0.6,1,1,0,,,,,,0,1,,,,,,,,,0,1,0,1,1,1,1,,,,P,quasi-pseudoknot
99,n.64_65insT,,,,,,,0,0,0,0,1,,0.5,1,0.6,0.6,,,1,0,0,1,1,0,0,1,,,0,0,0,0,1,0,0,0,0,1,0,0,1,0,0,0,P,quasi-pseudoknot
100,n.64_65insT,0,,0,0,1,1,,0,1,1,1,0,0.5,0.667,0.4,0.4,0,1,1,1,0,0,0,1,0,1,1,,1,,1,1,0,0,0,0,0,1,0,1,1,1,0,0,P,quasi-pseudoknot
101,n.64_65insT,1,1,0,1,1,1,1,0,0,0,0,0,0.5,0,0.6,,,,0,,,,0,0,0,1,1,,0,0,0,,1,,0,0,1,1,1,0,1,1,0,0,P,quasi-pseudoknot
102,n.64_65insT,0,,0,0,0,1,1,0,0,0,1,0,0.5,1,0.6,0.6,1,1,1,0,0,0,0,0,1,1,1,1,0,0,1,1,1,,0,0,0,0,0,1,0,1,1,0,P,quasi-pseudoknot
103,n.64_65insT,0,,0,0,,1,1,0,0,0,0,,0.5,0.667,0.6,0.6,1,1,1,0,0,0,0,0,1,,,,0,1,1,1,0,0,0,0,0,1,0,1,0,0,0,0,P,quasi-pseudoknot
104,n.64_65insT,0,,0,0,,1,1,0,1,1,1,,0.5,1,0.6,0.6,1,1,1,1,1,0,0,0,0,1,,1,0,0,0,,0,0,0,0,0,0,0,1,1,1,0,0,P,quasi-pseudoknot
105,n.64_65insT,,,,,,1,,0,1,1,1,0,0.5,0.667,0.6,0.6,,,0,,,,,0,1,1,,,,,,,1,1,0,,,1,,,,,,,P,quasi-pseudoknot
106,n.64_65insT,0,,0,0,0,1,1,0,1,1,1,0,0.5,1,0.6,1,,1,1,1,0,0,0,,0,,,,,,1,1,,,,1,0,1,1,1,,0,0,,P,quasi-pseudoknot
107,n.64dup,,,0,,0,1,1,0,0,1,0,0,,,,,,,0,,,,0,0,1,,,,0,,0,,1,1,0,0,0,1,,1,1,0,1,,LP,quasi-pseudoknot
108,n.65_66insT,0,,0,0,0,1,1,0,0,1,0,,0,,0.4,0.4,,1,0,,,,0,0,,1,1,,,,,,,,,,,1,0,0,,,,,LP,quasi-pseudoknot
109,n.65A>G,0,,0,,0,0,0,0,0,0,0,0,,,0.6,0.6,1,1,1,1,1,0,0,0,1,1,,,0,0,0,,,,0,0,0,1,0,0,0,1,0,0,P,quasi-pseudoknot
110,n.65A>G,0,,0,,0,0,0,0,0,0,0,,0.5,0,0.4,0.4,,,1,1,0,0,0,0,0,,,,,,1,,0,0,0,0,1,1,0,0,1,0,0,0,P,quasi-pseudoknot
111,n.65A>G,0,,0,,0,1,1,0,0,0,0,0,0.5,0.333,0.4,0.4,0,0,0,,,,1,0,0,0,0,0,0,0,0,,0,0,0,0,1,1,0,0,0,1,0,0,P,quasi-pseudoknot
112,n.66A>G,1,1,1,1,0,1,1,0,,1,1,,,,0.6,,0,0,0,,,,,,,1,,1,1,1,1,,1,0,0,0,1,1,1,1,0,0,0,0,P,quasi-pseudoknot
113,n.66A>G,1,0,1,,0,1,1,0,1,1,0,0,1,1,0.6,0.6,,,0,,,,,,1,1,,1,0,1,0,,1,,0,0,0,,1,,1,,,,P,quasi-pseudoknot
114,n.66A>G,0,,0,0,1,1,1,0,0,1,1,0,0.5,1,0.6,0.6,1,1,1,0,0,0,0,0,0,1,,0,0,0,,,0,0,0,1,0,1,0,0,0,1,0,,P,quasi-pseudoknot
115,n.66A>G,,,0,,0,1,1,0,1,1,0,0,1,1,0.6,0.6,,,1,,,,,,1,1,0,1,,1,,,1,,0,1,1,1,1,1,1,1,1,0,LP,quasi-pseudoknot
116,n.66A>G,,,0,,0,1,1,0,1,1,1,0,1,1,0.6,0.6,1,1,1,,,0,1,1,0,1,,1,,1,1,,,,1,,0,1,1,1,1,1,0,0,P,quasi-pseudoknot
117,n.67A>G,1,1,1,1,0,1,0,1,1,1,1,,,,,,,,1,,0,,,,,1,1,1,0,0,0,,1,1,1,,0,1,1,1,0,,0,,P,quasi-pseudoknot
118,n.67A>G,1,0,1,,0,1,1,0,1,1,1,0,0.5,1,0.6,0.6,1,1,0,,,,0,0,0,1,,1,0,0,0,,0,0,0,0,0,1,1,1,1,0,0,0,P,quasi-pseudoknot
119,n.67A>G,1,1,1,,0,1,0,1,1,1,1,0,0.5,1,0.4,0.4,0,0,0,,,,0,0,0,0,0,0,1,1,0,,0,0,0,0,0,1,1,0,0,0,0,0,P,quasi-pseudoknot
120,n.67A>G,0,,0,,0,1,1,0,1,1,1,1,,,0.6,0.6,,1,,,,,0,0,0,0,0,0,1,0,0,,0,0,0,0,0,0,1,0,1,0,0,0,P,quasi-pseudoknot
121,n.67A>G,1,0,1,,0,1,1,0,1,1,1,,0.5,1,0.6,0.6,1,1,1,0,0,0,0,1,0,1,,,0,0,1,,,,0,,0,1,1,1,0,0,0,1,P,quasi-pseudoknot
122,n.68A>C,1,0,1,,0,1,1,0,1,1,1,0,1,1,0.6,0.6,0,,1,0,0,1,0,0,0,1,,1,0,0,0,,0,0,0,0,0,0,1,1,0,1,0,0,LP,RBM42 interaction
123,n.69C>T,1,0,1,0,1,1,1,0,1,1,0,0,,,0.6,0.6,0,,1,1,1,1,1,1,1,1,1,1,1,0,0,,,0,0,0,0,1,1,1,0,0,0,0,LP,RBM42 interaction
124,n.70T>C,1,0,1,,,1,1,,1,,,,,,0.6,0.6,,,1,,0,0,,,,1,1,1,,,,,1,1,,,,,1,1,,,,,LP,RBM42 interaction
125,n.70T>C,0,,0,,1,1,1,0,1,1,0,0,1,1,0.6,0.6,,1,1,1,1,,0,,,1,,1,,0,0,,1,1,0,,,1,,,1,,,,LP,RBM42 interaction
126,n.72_73del,,,0,,0,1,1,0,0,0,0,,0,0.333,0.2,0.2,1,1,1,0,,0,,,,0,0,0,0,0,1,,0,0,0,0,0,1,1,1,0,0,0,1,LP,stem III
127,n.72_73del,0,,0,,0,1,1,0,1,0,0,,0.5,0.667,0.6,0.4,1,1,1,,,0,,,0,1,,,,,,,1,1,0,,1,1,1,,,1,0,,LP,stem III
128,n.75C>G,0,,0,,0,0,0,0,0,0,0,,0.5,0,0.2,0.2,,,0,,,,0,0,0,0,0,0,,,,,,,0,,,1,0,0,,1,,,LP,stem III
129,n.76_77insT,,,0,,0,0,0,0,0,0,0,0,0.5,0.333,0.4,0.4,0,,1,1,0,0,0,0,0,,,,0,0,0,,0,0,0,1,0,0,0,0,0,0,0,0,LP,stem III
130,n.76C>T,1,0,0,,0,0,0,0,0,1,0,0,0.5,0.333,0.4,,0,0,0.5,1,,,0,1,0,,,,0,0,0,0,0,0,,0,0,1,1,1,0,0,0,0,P,stem III
131,n.76C>T,0,,,,0,1,0,1,0,0,0,0,0.5,0.333,0.2,,0,,0.5,,,,0,0,0,,,,,,0,0,,,0,0,0,1,0,0,0,0,0,0,P,stem III
132,n.76C>T,0,,0,,0,1,0,0,1,0,0,,0.5,0.333,0.2,0.2,,,0.5,,,,,,,0,0,0,1,,,,,,0,,,1,,,1,,,,P,stem III
133,n.76C>T,0,,0,,0,0,0,0,0,0,0,,0,0.333,0.2,0.2,0,0,1,1,0,0,0,0,0,0,0,0,0,0,0,,0,0,0,0,0,1,0,1,1,0,0,0,P,stem III
134,n.76C>T,1,0,1,,1,0,0,0,0,0,1,0,0.5,0.333,0.4,0.4,0,0,0.5,1,0,0,0,0,0,1,,1,0,0,0,,0,0,0,0,1,1,0,0,0,0,0,0,P,stem III
135,n.76C>T,1,0,0,0,0,0,0,0,0,0,0,0,0,0.333,0.4,0.4,1,1,1,1,0,0,0,0,0,0,0,0,0,0,0,,0,0,0,1,1,,0,0,0,0,,0,P,stem III
136,n.76C>T,0,,0,,0,0,0,0,0,1,0,,0.5,0,0.2,0.2,,,1,1,,0,0,0,0,,,,0,,1,,,,,,,1,,,,,,,P,stem III
137,n.76C>T,0,,0,,0,0,0,0,0,0,0,,0,0,,0.4,,,1,1,,,,,,0,0,0,,,0,,,,,,,1,,,,,,,P,stem III
138,n.76C>T,0,,0,,0,0,0,0,0,0,0,0,0,0,0.4,0.4,0,0,1,1,0,0,0,0,0,0,0,0,0,1,0,,0,,0,0,0,1,0,0,0,0,0,0,P,stem III
139,n.76C>T,0,,0,,,0,0,0,0,1,0,0,0.5,0,0.2,0.2,1,1,1,1,0,0,0,0,0,0,0,0,0,,0,,0,0,0,0,1,0,0,0,0,0,0,0,P,stem III
140,n.77_78insG,1,0,1,,,0,0,0,0,1,1,0,0,0.333,,0.4,0,0,1,0,0,0,1,0,0,1,,1,0,0,1,,0,0,0,1,0,1,1,1,0,0,0,0,LP,stem III
141,n.77_78insT,1,0,1,0,1,0,0,0,0,1,0,0,0,0.333,0.4,0.4,,,0,,,,0,0,0,0,,,,0,0,0,1,1,0,0,0,1,0,0,0,0,0,0,P,stem III
142,n.77_78insT,,,,,,,,,,1,0,,0.5,0.333,0.4,0.4,0,,1,1,,0,,,0,0,0,0,0,0,0,,1,,0,0,0,0,0,0,1,0,0,,P,stem III
143,n.77_78insT,1,0,1,,1,1,0,0,1,0,0,0,0,0.333,0.4,0.4,,,1,1,0,0,0,0,0,0,0,0,1,1,0,,1,,0,0,0,1,0,0,0,1,0,0,P,stem III
144,n.78A>C,0,,0,0,0,0,0,0,0,0,0,,0,0,0,0.2,,,1,1,,,0,0,0,,,,,,,,0,0,0,,,1,0,0,1,,,,LP,stem III
